<?xml version="1.0" encoding="UTF-8"?>
<project-private xmlns="http://www.netbeans.org/ns/project-private/1">
    <editor-bookmarks xmlns="http://www.netbeans.org/ns/editor-bookmarks/2" lastBookmarkId="0"/>
    <open-files xmlns="http://www.netbeans.org/ns/projectui-open-files/2">
        <group>
            <file>file:/C:/GitIN5AV2024/MobiExpress/MobiExpress/web/index.jsp</file>
            <file>file:/C:/GitIN5AV2024/MobiExpress/MobiExpress/src/java/modelo/Producto.java</file>
            <file>file:/C:/GitIN5AV2024/MobiExpress/MobiExpress/web/css/index.css</file>
            <file>file:/C:/GitIN5AV2024/MobiExpress/MobiExpress/src/java/modelo/Clientes.java</file>
        </group>
    </open-files>
</project-private>
